{
  "project_info": {
    "project_number": "352232649806",
    "project_id": "flutterapp-1771020410",
    "storage_bucket": "flutterapp-1771020410.firebasestorage.app"
  },
  "client": [
    {
      "client_info": {
        "mobilesdk_app_id": "1:352232649806:android:35293237f90dbfa4be3f1f",
        "android_client_info": {
          "package_name": "com.example.sv1771020410"
        }
      },
      "oauth_client": [],
      "api_key": [
        {
          "current_key": "AIzaSyBI6JgKj1ayus13xNpn5M4dhDoMDJGwlv8"
        }
      ],
      "services": {
        "appinvite_service": {
          "other_platform_oauth_client": []
        }
      }
    }
  ],
  "configuration_version": "1"
}